feature,importance,relative_importance
TimeDateStamp,0.041853646098929095,0.43431670855933247
Characteristics,0.011958184599694065,0.12409048815980966
DllCharacteristics,0.01126976032636413,0.1169466860695861
MajorLinkerVersion,0.009204487506374282,0.0955152797989149
MinorOperatingSystemVersion,0.006157572667006628,0.06389734091811076
CheckSum,0.004959204487506375,0.05146183357586976
SizeOfInitializedData,0.003110657827638974,0.03227940203730663
DirectoryEntryExport,0.0022692503824579546,0.023548088371477937
DirectoryEntryImportSize,0.0020907700152983377,0.021695991533271782
Subsystem,0.0011091279959204448,0.011509458923137926
ImageBase,0.0007776644569097435,0.008069850509326657
MinorImageVersion,0.00045894951555329743,0.0047625347268157965
MajorOperatingSystemVersion,0.00035696073431925603,0.0037041936764125425
SizeOfStackReserve,0.0003314635390107235,0.0034396084138114983
MajorSubsystemVersion,0.0002932177460479357,0.003042730519910047
MinorSubsystemVersion,0.0001657317695053395,0.0017198042069055185
